<?xml version="1.0" encoding="UTF-8" standalone="yes"?>
<addon id="wtyczka.telewizja.polska" name="  [COLOR ff8cff66]TELEWIZJA POLSKA[/COLOR]  " version="1.1.1" provider-name="..::noVak::..™">
	<requires>
		<import addon="xbmc.python" version="2.1.0"/>
	</requires>
	<extension point="xbmc.python.pluginsource" library="default.py">
		<provides>video</provides>
	</extension>
	<extension point="xbmc.addon.metadata">
		<summary> TV | RADIO | FILMY | MUZYKA | VOD </summary>
		<description>[COLOR lightyellow]Polskie kanały telewizyjne, serwisy VOD oraz inne media popularne w Polsce.[/COLOR] [CR][CR][B][I]   PRZYJEMNEGO KORZYSTANIA !!! [/I][/B]</description>
		<platform>all</platform>
		</extension>
</addon>
