<?xml version="1.0" encoding="UTF-8" standalone="yes"?>

<addon 	id="repository.neopack1" 
		name="[B][COLOR=aqua]ALTERNATYWNE[/COLOR] [COLOR=pink][I]POLSKIE[/I][/COLOR] [COLOR=lime]WTYCZKI[/COLOR][/B]"  version="1.0.1" 
		provider-name="..::noVak::..™">
	<extension point="xbmc.addon.repository" name="Alternatywne Polskie Wtyczki">
		<info compressed="true">https://raw.githubusercontent.com/neopack1/neopack1/master/wtyczki/addons.xml</info>
		<checksum>https://raw.githubusercontent.com/neopack1/neopack1/master/wtyczki/addons.xml.md5</checksum>
		<datadir zip="true">https://raw.githubusercontent.com/neopack1/neopack1/master/wtyczki</datadir>
	</extension>
	<extension point="xbmc.addon.metadata">
		<summary>- Only For Polish Users -</summary>
		<description>[B][COLOR pink]!!! ONLY POLISH LANGUAGE !!![/COLOR][/B] [CR] [CR]
		[I]Repozytorium zawiera alternatywne i przetłumaczone wersje popularnych wtyczek, mniej lub bardziej przerobione na własne potrzeby.
		Dodatkowo repozytorium zawiera wymagane przez te wtyczki biblioteki i skrypty.[/I]</description>
		<disclaimer>[COLOR red]Autorzy nie ponoszą odpowiedzialności za materiały zamieszczane przez serwisy id
		strony internetowe do których dostęp zapewniają zamieszczone wtyczki.[CR] 
		Repozytorium oraz wtyczki rozpowszechniane są na zasadach Open Source i licencji GPL 2 [CR] 
		(GNU GENERAL PUBLIC LICENSE Version 2, June 1991)[/COLOR]</disclaimer>
		<platform>all</platform>
	</extension>
</addon>