<?xml version="1.0" encoding="UTF-8" standalone="yes"?>

<addon id="repository.novak" name="  [COLOR aqua]REPOZYTORIUM - POLSKIE WTYCZKI[/COLOR] " version="3.0.0" provider-name="..::noVak::..">
	<extension point="xbmc.addon.repository" name="POLSKIE WTYCZKI Repository">
		<info compressed="true">https://github.com/neopack1/kodi/raw/master/addons.xml</info>
		<checksum>https://github.com/neopack1/kodi/raw/master/addons.xml.md5</checksum>
		<datadir zip="true">https://github.com/neopack1/kodi/raw/master</datadir>
	</extension>
	<extension point="xbmc.addon.metadata">
		<summary>Repozytorium polskich dodatków</summary>
		<description>[B][COLOR red]!!! ONLY FOR POLISH USERS !!![/COLOR][/B][CR][CR][I]Repozytorium zawiera wtyczki dające dostęp do polskiej TV, serwisów VOD oraz innych polskich mediów.[/I]</description>
		<license>GNU GENERAL PUBLIC LICENSE. Version 2, June 1991</license>
		<platform>all</platform>
		<email>support@sd-xbmc.org</email>
	</extension>
</addon>