<?xml version="1.0" encoding="UTF-8" standalone="yes"?>

<addon id="wtyczka.telewizja.polska"
 		name=" [COLOR aqua]TELEWIZJA POLSKA[/COLOR] "
 		version="3.0.0"
 		provider-name="..::noVak::..™">
	<requires>
		<import addon="xbmc.python" version="2.1.0"/>
	</requires>
	<extension point="xbmc.python.pluginsource" library="default.py">
		<provides>video</provides>
	</extension>
	<extension point="xbmc.addon.metadata">
		<summary> TV | FILMY | VOD </summary>
		<description>[COLOR yellow]TELEWIZJA POLSKA[/COLOR][CR][CR]Wtyczka dająca dostęp do polskich kanałów TV oraz serwisów Wideo.</description>
		<platform>all</platform>
		<license>GNU GENERAL PUBLIC LICENSE. Version 2, June 1991</license>
		<email>neopack1@gmail.com</email>
	</extension>
</addon>