<?xml version="1.0" encoding="UTF-8" standalone="yes"?>

<addon 	id="repository.neopack1" 
		name="[COLOR=aqua]ALTERNATYWNE[/COLOR] [COLOR=red]POLSKIE[/COLOR] [COLOR=lime]WTYCZKI[/COLOR]"  
		version="1.1.0" 
		provider-name="..::noVak::..™">
	<extension point="xbmc.addon.repository" name="Alternatywne Polskie Wtyczki">
		<info compressed="true">https://raw.githubusercontent.com/neopack1/kodi/master/addons.xml</info>
		<checksum>https://raw.githubusercontent.com/neopack1/kodi/master/addons.xml.md5</checksum>
		<datadir zip="true">https://raw.githubusercontent.com/neopack1/kodi/master</datadir>
	</extension>
	<extension point="xbmc.addon.metadata">
		<summary>- Only For Polish Users -</summary>
		<description>[B][COLOR pink]!!! ONLY POLISH LANGUAGE !!![/COLOR][/B] [CR] [CR][I]Repozytorium zawiera alternatywne i przetłumaczone wersje popularnych wtyczek, mniej lub bardziej przerobione na własne potrzeby. Dodatkowo repozytorium zawiera wymagane przez te wtyczki biblioteki i skrypty.[/I]</description>
		<disclaimer>[COLOR red]Autorzy nie ponoszą odpowiedzialności za materiały zamieszczane przez serwisy do których dostęp zapewniają zamieszczone wtyczki.[CR] Repozytorium oraz wtyczki rozpowszechniane są na zasadach Open Source licencji GPL 2 [CR] (GNU GENERAL PUBLIC LICENSE Version 2, June 1991)[/COLOR]</disclaimer>
		<platform>all</platform>
	</extension>
</addon>