﻿<?xml version="1.0" encoding="UTF-8" standalone="yes"?>

<addon id="script.polskie.media"
       name="[COLOR=pink]Rozszerzenie dla [I]Polskie Media[/I][/COLOR]"
       provider-name="..::noVak::..™"
	   version="1.1.1">
	<requires>
		<import addon="xbmc.python" version="1.0.0"/>
		<import addon="script.module.simplejson" version="1.0.0"/>
		<import addon="script.module.beautifulsoup" version="1.0.0"/>
	</requires>
	<extension library="lib" point="xbmc.python.module"/>
	<extension point="xbmc.addon.metadata">
		<summary>Moduł zależności dla wtyczki Polskie Media</summary>
		<description>Dodatkowe rozszerzenia oraz dekoder URL wymagane przez wtyczkę [I]Polskie Media.[/I]
		</description>
		<platform>all</platform>
	</extension>
</addon>
