<?xml version="1.0" encoding="UTF-8" standalone="yes"?>
<addon id="wtyczka.telewizja.polska" name=" [COLOR=aqua]TELEWIZJA POLSKA[/COLOR] " version="1.0.5" provider-name="..::noVak::..™">
  <requires>
    <import addon="xbmc.python" version="2.1.0"/>
  </requires>
  <extension point="xbmc.python.pluginsource" library="default.py">
        <provides>video</provides>
  </extension>
  <extension point="xbmc.addon.metadata">
    <summary> TV | RADIO | FILMY | MUZYKA | VOD </summary>
    <description>Ten dodatek zastąpił wysłużoną wtyczkę IPTVxtra. [CR][COLOR lightyellow]Nowa wersja wtyczki dostarcza dużo więcej materiałów telewizyjnych oraz radiowych z Polski i ze Świata. Zawarte w tym dodatku materiały multimedialne będoą systematycznie aktualizowane i zwiększane [I](aktualizacja kilka razy w miesiącu).[/I][CR]W najbliższym czasie planowane jest dodanie większej ilości serwisów oraz wideo na życzenie.[/COLOR] [CR][CR][B][I]   PRZYJEMNEGO KORZYSTANIA !!! [/I][/B]</description>
    <platform>all</platform>
  </extension>
</addon>
